{
"device_name": "dry contact",
"gpio_pin": 12,
"run_time": 5.576164484024048,
"color": [
0.6666666666666666,
0.3333333333333333,
0.0,
0.85
]
}