{
"device_name": "dry",
"gpio_pin": 6,
"run_time": 1840.0148181915283,
"color": [
0.6666666666666666,
0.3333333333333333,
0.0,
0.85
]
}