{
"device_name": "exfan1",
"gpio_pin": 25,
"run_time": 237.73458051681519,
"color": [
0.6666666666666666,
0.0,
0.0,
0.85
]
}