{
"device_name": "exfan",
"gpio_pin": 2,
"run_time": 39.43507194519043,
"color": [
0.6666666666666666,
0.0,
0.0,
0.85
]
}