{
"device_name": "exfan1",
"gpio_pin": 25,
"run_time": 206.7985634803772,
"color": [
0.6666666666666666,
0.0,
0.0,
0.85
]
}