{
"device_name": "exfan1",
"gpio_pin": 25,
"run_time": 223.8568160533905,
"color": [
0.6666666666666666,
0.0,
0.0,
0.85
]
}