{
"device_name": "exfan1",
"gpio_pin": 25,
"run_time": 194.81548523902893,
"color": [
0.6666666666666666,
0.0,
0.0,
0.85
]
}