{
"device_name": "exfan",
"gpio_pin": 2,
"run_time": 13.247045040130615,
"color": [
0.6666666666666666,
0.0,
0.0,
0.85
]
}