{
"device_name": "exfan1",
"gpio_pin": 25,
"run_time": 205.5532190799713,
"color": [
0.6666666666666666,
0.0,
0.0,
0.85
]
}