{
"device_name": "gv",
"gpio_pin": 2,
"run_time": 36.974220991134644,
"color": [
0.0,
0.0,
0.6666666666666666,
0.85
]
}