{
"device_name": "heat",
"gpio_pin": 4,
"run_time": 0.0,
"color": [
0.29411764705882354,
0.0,
0.5098039215686274,
0.85
]
}