{
"device_name": "light",
"gpio_pin": 5,
"run_time": 23.353768587112427,
"color": [
0.6666666666666666,
0.6666666666666666,
0.0,
0.85
]
}