{
"device_name": "light",
"gpio_pin": 7,
"run_time": 0.0,
"color": [
0.6666666666666666,
0.6666666666666666,
0.0,
0.85
]
}