{
"device_name": "mau",
"gpio_pin": 3,
"run_time": 11.17010498046875,
"color": [
0.0,
0.0,
0.6666666666666666,
0.85
]
}