{
"device_name": "mau",
"gpio_pin": 3,
"run_time": 37.358131885528564,
"color": [
0.0,
0.0,
0.6666666666666666,
0.85
]
}