{
"device_name": "mau",
"gpio_pin": 8,
"run_time": 8.131638050079346,
"color": [
0.0,
0.0,
0.6666666666666666,
0.85
]
}