{
"device_name": "micro",
"gpio_pin": 8,
"run_time": 0.0,
"color": [
1.0,
0.5490196078431373,
0.09803921568627451,
0.85
]
}